"dateTimeID","aussen14_1_1","aussen14_1_2","tempNum"
"T170117170000",-3.5,-4,22
"T170117180000",-3.5,-4,22
"T170117190000",-4,-4,22
"T170117200000",-3.5,-4,22
"T170117210000",-3.5,-4,22
"T170117220000",-4,-4,22
"T170117230000",-4,-4,22
"T180117000000",-4,-4,22
"T180117010000",-4,-4.5,22
"T180117020000",-4,-4.5,22
"T180117030000",-4.5,-4.5,22
"T180117040000",-4.5,-4.5,22
"T180117050000",-4.5,-4.5,22
"T180117060000",-4.5,-5,22
"T180117070000",-4.5,-5,22
"T180117080000",-4.5,-5,24
"T180117090000",-4.5,-4.5,24
"T180117100000",-4.5,-4.5,24
"T180117110000",-4,-4.5,24
"T180117120000",-3.5,-3.5,24
"T180117130000",-3,-3.5,24
"T180117140000",-3,-3,24
"T180117150000",-3,-3,24
"T180117160000",-3,-3,24
"T180117170000",-3,-3.5,22
"T180117180000",-3,-3.5,22
"T180117190000",-3.5,-3.5,22
"T180117200000",-3.5,-3.5,22
"T180117210000",-3.5,-3.5,22
"T180117220000",-3.5,-4,22
"T180117230000",-3.5,-4,22
"T190117000000",-3.5,-4,22
"T190117010000",-4,-4,22
"T190117020000",-4,-4,22
"T190117030000",-4,-4,22
"T190117040000",-4,-4,22
"T190117050000",-4,-4.5,22
"T190117060000",-4,-4.5,22
"T190117070000",-4.5,-4.5,22
"T190117080000",-4.5,-4.5,24
"T190117090000",-4.5,-4.5,24
"T190117100000",-4,-4.5,24
"T190117110000",-4,-4,24
"T190117120000",-4,-4,24
"T190117130000",-3.5,-4,24
"T190117140000",-3.5,-3.5,24
"T190117150000",-4,-4,24
"T190117160000",-4,-4,24
"T190117170000",-4,-4.5,22
"T190117180000",-4,-4.5,22
"T190117190000",-4.5,-4.5,22
"T190117200000",-4.5,-4.5,22
"T190117210000",-4.5,-4.5,22
"T190117220000",-4.5,-4.5,22
"T190117230000",-4.5,-5,22
"T200117000000",-5,-5,22
"T200117010000",-5,-5,22
"T200117020000",-5,-5,22
"T200117030000",-5,-5,22
"T200117040000",-5,-5,22
"T200117050000",-5,-5.5,22
"T200117060000",-5,-5.5,22
"T200117070000",-5,-5.5,22
"T200117080000",-5,-5.5,24
"T200117090000",-5,-5,24
"T200117100000",-4.5,-5,24
"T200117110000",-4,-4,24
"T200117120000",-3.5,-3.5,24
"T200117130000",-3.5,-3.5,24
"T200117140000",-3.5,-3.5,24
"T200117150000",-3.5,-4,24
"T200117160000",-4,-4,24
"T200117170000",-4.5,-4.5,22
"T200117180000",-5,-5,22
"T200117190000",-5,-5.5,22
"T200117200000",-5.5,-5.5,22
"T200117210000",-5.5,-5.5,22
"T200117220000",-5.5,-5.5,22
"T200117230000",-5.5,-6,22
"T210117000000",-5.5,-6,22
"T210117010000",-5.5,-6,22
"T210117020000",-5.5,-5.5,22
"T210117030000",-5.5,-5.5,22
"T210117040000",-5.5,-6,22
"T210117050000",-5.5,-5.5,22
"T210117060000",-5.5,-5.5,22
"T210117070000",-5.5,-5.5,22
"T210117080000",-5.5,-5.5,24
"T210117090000",-5.5,-5.5,24
"T210117100000",-4.5,-5,24
"T210117110000",-4,-4.5,24
"T210117120000",-4,-4,24
"T210117130000",-3.5,-4,24
"T210117140000",-3,-3,24
"T210117150000",-3,-3,24
"T210117160000",-3.5,-3.5,24
"T210117170000",-4,-4,22
"T210117180000",-4,-4,22
"T210117190000",-4.5,-5,22
"T210117200000",-5,-5.5,22
"T210117210000",-5.5,-5.5,22
"T210117220000",-5.5,-5.5,22
"T210117230000",-5,-5.5,22
"T220117000000",-5.5,-6,22
"T220117010000",-6,-6,22
"T220117020000",-6,-6,22
"T220117030000",-6,-6,22
"T220117040000",-6,-6,22
"T220117050000",-6,-6.5,22
"T220117060000",-6,-6.5,22
"T220117070000",-6,-6.5,22
"T220117080000",-6,-6.5,24
"T220117090000",-6,-6,24
"T220117100000",-5.5,-5.5,24
"T220117110000",-5,-5.5,24
"T220117120000",-4.5,-5,24
"T220117130000",-4,-4,24
"T220117140000",-3.5,-3.5,24
"T220117150000",-3,-3,24
"T220117160000",-4,-4.5,24
"T220117170000",-4.5,-4.5,22
"T220117180000",-4.5,-4.5,22
"T220117190000",-4.5,-5,22
"T220117200000",-5,-5,22
"T220117210000",-5,-5,22
"T220117220000",-5,-5,22
"T220117230000",-5,-5.5,22
"T230117000000",-5,-5.5,22
"T230117010000",-5.5,-5.5,22
"T230117020000",-5.5,-5.5,22
"T230117030000",-5.5,-5.5,22
"T230117040000",-5.5,-6,22
"T230117050000",-5.5,-6,22
"T230117060000",-5.5,-6,22
"T230117070000",-5.5,-5.5,22
"T230117080000",-5.5,-6,24
"T230117090000",-6,-6,24
"T230117100000",-5.5,-5.5,24
"T230117110000",-4.5,-4.5,24
"T230117120000",-4,-4,24
"T230117130000",-4,-4,24
"T230117140000",-3.5,-4,24
"T230117150000",-3.5,-3.5,24
"T230117160000",-3.5,-4,24
"T230117170000",-4,-4.5,22
"T230117180000",-5,-5,22
"T230117190000",-5,-5,22
"T230117200000",-5.5,-5.5,22
"T230117210000",-5.5,-6,22
"T230117220000",-6.5,-6.5,22
"T230117230000",-6.5,-6.5,22
"T240117000000",-6.5,-6.5,22
"T240117010000",-6.5,-6.5,22
"T240117020000",-6,-6.5,22
"T240117030000",-6,-6,22
"T240117040000",-5.5,-6,22
"T240117050000",-5.5,-6,22
"T240117060000",-5.5,-6,22
"T240117070000",-5.5,-5.5,22
"T240117080000",-5.5,-5.5,24
"T240117090000",-5,-5.5,24
"T240117100000",-4.5,-4.5,24
"T240117110000",-4.5,-5,24
"T240117120000",-4.5,-4.5,24
"T240117130000",-4,-4.5,24
"T240117140000",-4,-4.5,24
"T240117150000",-4,-4.5,24
"T240117160000",-4.5,-4.5,24
"T240117170000",-4.5,-4.5,22
"T240117180000",-4.5,-5,22
"T240117190000",-5,-5,22
"T240117200000",-5,-5,22
"T240117210000",-5,-5.5,22
"T240117220000",-5.5,-5.5,22
"T240117230000",-5.5,-6,22
"T250117000000",-6,-6.5,22
"T250117010000",-6,-6.5,22
"T250117020000",-6.5,-6.5,22
"T250117030000",-6.5,-6.5,22
"T250117040000",-7,-7,22
"T250117050000",-6.5,-7,22
"T250117060000",-6.5,-7,22
"T250117070000",-6.5,-6.5,22
"T250117080000",-6.5,-6.5,24
"T250117090000",-6.5,-6.5,24
"T250117100000",-6.5,-6.5,24
"T250117110000",-6.5,-6.5,24
"T250117120000",-6,-6,24
"T250117130000",-6,-6,24
"T250117140000",-6,-6,24
"T250117150000",-5.5,-6,24
"T250117160000",-6,-6,24
"T250117170000",-6,-6.5,22
"T250117180000",-6.5,-6.5,22
"T250117190000",-6.5,-6.5,22
"T250117200000",-6,-6.5,22
"T250117210000",-6,-6,22
"T250117220000",-6,-6,22
"T250117230000",-6,-6,22
"T260117000000",-6,-6,22
"T260117010000",-6,-6,22
"T260117020000",-6,-6,22
"T260117030000",-6,-6,22
"T260117040000",-6,-6,22
"T260117050000",-6,-6.5,22
"T260117060000",-6,-6.5,22
"T260117070000",-6.5,-6.5,22
"T260117080000",-6.5,-6.5,24
"T260117090000",-6,-6,24
"T260117100000",-5.5,-5.5,24
"T260117110000",-5,-5,24
"T260117120000",-4,-4,24
"T260117130000",-4.5,-4.5,24
"T260117140000",-4,-4,24
"T260117150000",-4,-4.5,24
"T260117160000",-4.5,-4.5,24
"T260117170000",-4.5,-5,22
"T260117180000",-5,-5,22
"T260117190000",-5,-5.5,22
"T260117200000",-5.5,-5.5,22
"T260117210000",-5.5,-6,22
"T260117220000",-5.5,-5.5,22
"T260117230000",-5.5,-6,22
"T270117000000",-6.5,-7,22
"T270117010000",-6,-6,22
"T270117020000",-5.5,-5.5,22
"T270117030000",-5,-5.5,22
"T270117040000",-5,-5.5,22
"T270117050000",-5,-5.5,22
"T270117060000",-5,-5.5,22
"T270117070000",-5.5,-5.5,22
"T270117080000",-5,-5.5,24
"T270117090000",-4,-4.5,24
"T270117100000",-2.5,-3,24
"T270117110000",-1,-1.5,24
"T270117120000",0,-0.5,24
"T270117130000",0.5,0.5,24
"T270117140000",2.5,2,24
"T270117150000",3,2.5,24
"T270117160000",2.5,2.5,24
"T270117170000",0.5,0.5,22
"T270117180000",-1,-1.5,22
"T270117190000",-1.5,-2,22
"T270117200000",-2.5,-2.5,22
"T270117210000",-2.5,-2.5,22
"T270117220000",-2.5,-2.5,22
"T270117230000",-2,-2.5,22
"T280117000000",-3,-3,22
"T280117010000",-3,-3,22
"T280117020000",-3,-3,22
"T280117030000",-3.5,-3.5,22
"T280117040000",-3.5,-4,22
"T280117050000",-4,-4,22
"T280117060000",-3.5,-4,22
"T280117070000",-3.5,-4,22
"T280117080000",-3.5,-4,24
"T280117090000",-2.5,-2.5,24
"T280117100000",0.5,0,24
"T280117110000",2.5,1.5,24
"T280117120000",3,2.5,24
"T280117130000",4.5,4.5,24
"T280117140000",6.5,6,24
"T280117150000",7.5,7,24
"T280117160000",5,5,24
"T280117170000",3.5,3.5,22
"T280117180000",2,1.5,22
"T280117190000",0,0,22
"T280117200000",-1,-1,22
"T280117210000",-1.5,-2,22
"T280117220000",-2,-2.5,22
"T280117230000",-2.5,-2.5,22
"T290117000000",-3,-3,22
"T290117010000",-3,-3.5,22
"T290117020000",-3,-3.5,22
"T290117030000",-3.5,-3.5,22
"T290117040000",-4,-4,22
"T290117050000",-4,-4,22
"T290117060000",-4,-4,22
"T290117070000",-4,-4.5,22
"T290117080000",-4,-4,24
"T290117090000",-3,-3,24
"T290117100000",1,0.5,24
"T290117110000",4.5,3.5,24
"T290117120000",5.5,5,24
"T290117130000",6.5,6,24
"T290117140000",8,7.5,24
"T290117150000",9,8.5,24
"T290117160000",8.5,8.5,24
"T290117170000",4,3.5,22
"T290117180000",1.5,1.5,22
"T290117190000",0.5,0.5,22
"T290117200000",0,-0.5,22
"T290117210000",-0.5,-1,22
"T290117220000",-1.5,-1.5,22
"T290117230000",-1.5,-2,22
"T300117000000",-2,-2,22
"T300117010000",-2.5,-2.5,22
"T300117020000",-3,-3,22
"T300117030000",-2.5,-3,22
"T300117040000",-2.5,-3,22
"T300117050000",-2,-2,22
"T300117060000",-1.5,-2,22
"T300117070000",-1,-1.5,22
"T300117080000",0.5,0.5,24
"T300117090000",1,1,24
"T300117100000",2.5,2.5,24
"T300117110000",2.5,2.5,24
"T300117120000",3.5,3,24
"T300117130000",3,3,24
"T300117140000",4,3.5,24
"T300117150000",4,4,24
"T300117160000",6,6,24
"T300117170000",4.5,4.5,22
"T300117180000",4.5,4.5,22
"T300117190000",4.5,4,22
"T300117200000",4.5,4,22
"T300117210000",3,3,22
"T300117220000",5,5,22
"T300117230000",5.5,5.5,22
"T310117000000",5.5,5.5,22
"T310117010000",5.5,5.5,22
"T310117020000",4.5,4,22
"T310117030000",5,4.5,22
"T310117040000",5.5,5,22
"T310117050000",5.5,5,22
"T310117060000",6,5.5,22
"T310117070000",6,6,22
"T310117080000",6.5,6,24
"T310117090000",7,6.5,24
"T310117100000",7,6.5,24
"T310117110000",7,7,24
"T310117120000",8,7.5,24
"T310117130000",7.5,7,24
"T310117140000",7,7,24
"T310117150000",7,7,24
"T310117160000",7,6.5,24
"T310117170000",6.5,6.5,22
"T310117180000",6.5,6,22
"T310117190000",5.5,5.5,22
"T310117200000",5,5,22
"T310117210000",5,5,22
"T310117220000",5,5,22
"T310117230000",5,5,22
"T010217000000",5.5,5,22
"T010217010000",5,5,22
"T010217020000",5,5,22
"T010217030000",5,5,22
"T010217040000",5,5,22
"T010217050000",5,4.5,22
"T010217060000",5,4.5,22
"T010217070000",5,4.5,22
"T010217080000",5,4.5,24
"T010217090000",5,4.5,24
"T010217100000",5.5,5.5,24
"T010217110000",6,5.5,24
"T010217120000",6.5,6.5,24
"T010217130000",8,7.5,24
"T010217140000",8.5,8.5,24
"T010217150000",8.5,8.5,24
"T010217160000",8.5,8.5,24
"T010217170000",6.5,6.5,22
"T010217180000",5.5,5,22
"T010217190000",4.5,4.5,22
"T010217200000",5.5,5,22
"T010217210000",5.5,5,22
"T010217220000",5.5,5,22
"T010217230000",5,5,22
"T020217000000",5,5,22
"T020217010000",5,4.5,22
"T020217020000",4.5,4.5,22
"T020217030000",4.5,4.5,22
"T020217040000",4.5,4,22
"T020217050000",4,4,22
"T020217060000",4,4,22
"T020217070000",3.5,3,22
"T020217080000",3,3,24
"T020217090000",4,3.5,24
"T020217100000",3.5,3.5,24
"T020217110000",3.5,3.5,24
"T020217120000",4,4,24
"T020217130000",5,4.5,24
"T020217140000",6.5,6,24
"T020217150000",7,7,24
"T020217160000",7,6.5,24
"T020217170000",6.5,6,22
"T020217180000",4.5,4.5,22
"T020217190000",4.5,4.5,22
"T020217200000",3,2.5,22
"T020217210000",3,3,22
"T020217220000",3,2.5,22
"T020217230000",3,3,22
"T030217000000",3.5,3.5,22
"T030217010000",3.5,3.5,22
"T030217020000",3.5,3.5,22
"T030217030000",3.5,3,22
"T030217040000",3.5,3,22
"T030217050000",3,3,22
"T030217060000",3,2.5,22
"T030217070000",3,2.5,22
"T030217080000",5.5,5,24
"T030217090000",5,4.5,24
"T030217100000",6.5,6,24
"T030217110000",7,6.5,24
"T030217120000",7,7,24
"T030217130000",8,8,24
"T030217140000",9.5,9,24
"T030217150000",9.5,9,24
"T030217160000",8.5,8.5,24
"T030217170000",6.5,6,22
"T030217180000",5.5,5,22
"T030217190000",5,4.5,22
"T030217200000",8,7.5,22
"T030217210000",7.5,7,22
"T030217220000",7,6.5,22
"T030217230000",7,7,22
"T040217000000",5.5,5,22
"T040217010000",3,3,22
"T040217020000",2,1.5,22
"T040217030000",1.5,1.5,22
"T040217040000",1.5,1,22
"T040217050000",2,2,22
"T040217060000",1.5,1,22
"T040217070000",1,0.5,22
"T040217080000",1,0.5,24
"T040217090000",2.5,2,24
"T040217100000",3,3,24
"T040217110000",3.5,3.5,24
"T040217120000",4,4,24
"T040217130000",7,6.5,24
"T040217140000",7.5,7.5,24
"T040217150000",7.5,7,24
"T040217160000",7,7,24
"T040217170000",7.5,7.5,22
"T040217180000",7.5,7.5,22
"T040217190000",6.5,6,22
"T040217200000",7,6.5,22
"T040217210000",7,7,22
"T040217220000",7,7,22
"T040217230000",6.5,6,22
"T050217000000",5.5,5,22
"T050217010000",4,4,22
"T050217020000",2.5,2.5,22
"T050217030000",1,0.5,22
"T050217040000",0,-0.5,22
"T050217050000",-0.5,-1,22
"T050217060000",0,0,22
"T050217070000",0.5,0.5,22
"T050217080000",1.5,1,24
"T050217090000",2.5,2.5,24
"T050217100000",3,2.5,24
"T050217110000",4,4,24
"T050217120000",5.5,5.5,24
"T050217130000",5,5,24
"T050217140000",5,4.5,24
"T050217150000",3.5,3,24
"T050217160000",3,2.5,24
"T050217170000",2.5,2,22
"T050217180000",2,2,22
"T050217190000",1.5,1.5,22
"T050217200000",1,1,22
"T050217210000",0.5,0,22
"T050217220000",0,0,22
"T050217230000",0.5,0.5,22
"T060217000000",0.5,0.5,22
"T060217010000",0.5,0.5,22
"T060217020000",1,0.5,22
"T060217030000",1,1,22
"T060217040000",1,1,22
"T060217050000",1,1,22
"T060217060000",1,1,22
"T060217070000",1,0.5,22
"T060217080000",1,0.5,24
"T060217090000",1.5,1.5,24
"T060217100000",2.5,2,24
"T060217110000",5.5,5,24
"T060217120000",5,4.5,24
"T060217130000",6,5.5,24
"T060217140000",5.5,5,24
"T060217150000",6,6,24
"T060217160000",5.5,5.5,24
"T060217170000",4,3.5,22
"T060217180000",2.5,2,22
"T060217190000",3,2.5,22
"T060217200000",3,2.5,22
"T060217210000",3,2.5,22
"T060217220000",2.5,2.5,22
"T060217230000",2.5,2.5,22
"T070217000000",3,2.5,22
"T070217010000",2.5,2,22
"T070217020000",2,2,22
"T070217030000",1.5,1.5,22
"T070217040000",2,2,22
"T070217050000",1,1,22
"T070217060000",0.5,0.5,22
"T070217070000",0,-0.5,22
"T070217080000",0.5,0.5,24
"T070217090000",1.5,1.5,24
"T070217100000",2.5,2.5,24
"T070217110000",3.5,3.5,24
"T070217120000",4.5,4.5,24
"T070217130000",6,5.5,24
"T070217140000",6,6,24
"T070217150000",6,5.5,24
"T070217160000",4,4,24
"T070217170000",3.5,3.5,22
"T070217180000",3,3,22
"T070217190000",2.5,2,22
"T070217200000",2,2,22
"T070217210000",2,1.5,22
"T070217220000",2,2,22
"T070217230000",2,2,22
"T080217000000",2,1.5,22
"T080217010000",1.5,1.5,22
"T080217020000",1.5,1.5,22
"T080217030000",1.5,1,22
"T080217040000",1,1,22
"T080217050000",1,1,22
"T080217060000",1.5,1,22
"T080217070000",1.5,1,22
"T080217080000",1.5,1.5,24
"T080217090000",2,2,24
"T080217100000",2.5,2.5,24
"T080217110000",3,3,24
"T080217120000",3.5,3.5,24
"T080217130000",3.5,3.5,24
"T080217140000",4,3.5,24
"T080217150000",4,3.5,24
"T080217160000",4,3.5,24
"T080217170000",3.5,3.5,22
"T080217180000",3.5,3.5,22
"T080217190000",3,3,22
"T080217200000",3,3,22
"T080217210000",3,2.5,22
"T080217220000",2.5,2.5,22
"T080217230000",2,2,22
"T090217000000",2,1.5,22
"T090217010000",1,1,22
"T090217020000",0.5,0,22
"T090217030000",0,-0.5,22
"T090217040000",-0.5,-1,22
"T090217050000",-1,-1,22
"T090217060000",-1.5,-1.5,22
"T090217070000",-1.5,-1.5,22
"T090217080000",-1,-1,24
"T090217090000",-0.5,-0.5,24
"T090217100000",0,0,24
"T090217110000",0.5,0.5,24
"T090217120000",1,1,24
"T090217130000",0.5,0.5,24
"T090217140000",1,0.5,24
"T090217150000",0.5,0.5,24
"T090217160000",0.5,0.5,24
"T090217170000",0,0,22
"T090217180000",0.5,0,22
"T090217190000",0.5,0,22
"T090217200000",0.5,0,22
"T090217210000",0.5,0,22
"T090217220000",0.5,0.5,22
"T090217230000",0.5,0,22
"T100217000000",0.5,0,22
"T100217010000",0.5,0,22
"T100217020000",0.5,0,22
"T100217030000",0,0,22
"T100217040000",-0.5,-1,22
"T100217050000",-0.5,-0.5,22
"T100217060000",-1,-1.5,22
"T100217070000",-1,-1,22
"T100217080000",-0.5,-1,24
"T100217090000",0,0,24
"T100217100000",1.5,1.5,24
"T100217110000",2.5,2.5,24
"T100217120000",4,3.5,24
"T100217130000",4,4,24
"T100217140000",4,4,24
"T100217150000",5,4.5,24
"T100217160000",4,4,24
"T100217170000",3.5,3.5,22
"T100217180000",2.5,2.5,22
"T100217190000",1.5,1,22
"T100217200000",0,0,22
"T100217210000",-0.5,-0.5,22
"T100217220000",-1,-1,22
"T100217230000",-1,-1.5,22
"T110217000000",-1.5,-1.5,22
"T110217010000",-0.5,-0.5,22
"T110217020000",0,0,22
"T110217030000",0.5,0,22
"T110217040000",0.5,0,22
"T110217050000",1,0.5,22
"T110217060000",1,0.5,22
"T110217070000",1,0.5,22
"T110217080000",1,0.5,24
"T110217090000",1,1,24
"T110217100000",1.5,1,24
"T110217110000",2,2,24
"T110217120000",3,3,24
"T110217130000",3.5,3.5,24
"T110217140000",5,4.5,24
"T110217150000",5.5,5,24
"T110217160000",5.5,5.5,24
"T110217170000",4,4,22
"T110217180000",2,1.5,22
"T110217190000",0.5,0,22
"T110217200000",0,0,22
"T110217210000",0.5,0,22
"T110217220000",0.5,0,22
"T110217230000",0.5,0,22
"T120217000000",0.5,0,22
"T120217010000",0.5,0,22
"T120217020000",0,0,22
"T120217030000",0,-0.5,22
"T120217040000",0,0,22
"T120217050000",0.5,0,22
"T120217060000",0.5,0,22
"T120217070000",0,0,22
"T120217080000",0,0,24
"T120217090000",0.5,0.5,24
"T120217100000",1,0.5,24
"T120217110000",2.5,2.5,24
"T120217120000",3.5,3,24
"T120217130000",4.5,4,24
"T120217140000",5,4.5,24
"T120217150000",5.5,5,24
"T120217160000",5.5,5.5,24
"T120217170000",5,4.5,22
"T120217180000",3.5,3,22
"T120217190000",2.5,2.5,22
"T120217200000",1.5,1,22
"T120217210000",1,1,22
"T120217220000",1,0.5,22
"T120217230000",1,0.5,22
"T130217000000",0.5,0.5,22
"T130217010000",0.5,0.5,22
"T130217020000",1,0.5,22
"T130217030000",0.5,0.5,22
"T130217040000",0.5,0,22
"T130217050000",0.5,0,22
"T130217060000",0.5,0,22
"T130217070000",0.5,0,22
"T130217080000",0.5,0.5,24
"T130217090000",0.5,0.5,24
"T130217100000",1,0.5,24
"T130217110000",1.5,1,24
"T130217120000",2,1.5,24
"T130217130000",3,2.5,24
"T130217140000",2.5,2.5,24
"T130217150000",2,2,24
"T130217160000",2,1.5,24
"T130217170000",2,2,22
"T130217180000",2,1.5,22
"T130217190000",2,1.5,22
"T130217200000",1.5,1.5,22
"T130217210000",1.5,1,22
"T130217220000",1,1,22
"T130217230000",1,0.5,22
"T140217000000",1,0.5,22
"T140217010000",1,0.5,22
"T140217020000",1,0.5,22
"T140217030000",0.5,0.5,22
"T140217040000",0.5,0,22
"T140217050000",0.5,0,22
"T140217060000",0,-0.5,22
"T140217070000",0,-0.5,22
"T140217080000",0,0,24
"T140217090000",0.5,0.5,24
"T140217100000",2,2,24
"T140217110000",4.5,3.5,24
"T140217120000",3.5,3,24
"T140217130000",4.5,4,24
"T140217140000",6,5.5,24
"T140217150000",7,6.5,24
"T140217160000",6.5,6.5,24
"T140217170000",5.5,5.5,22
"T140217180000",3.5,3,22
"T140217190000",2,2,22
"T140217200000",1.5,1,22
"T140217210000",0.5,0.5,22
"T140217220000",0,-0.5,22
"T140217230000",-0.5,-0.5,22
"T150217000000",-1,-1,22
"T150217010000",-1.5,-1.5,22
"T150217020000",-1.5,-2,22
"T150217030000",-2,-2,22
"T150217040000",-2,-2.5,22
"T150217050000",-2.5,-2.5,22
"T150217060000",-2.5,-2.5,22
"T150217070000",-2.5,-2.5,22
"T150217080000",-0.5,-0.5,24
"T150217090000",0,-0.5,24
"T150217100000",0.5,0,24
"T150217110000",7,3.5,24
"T150217120000",5.5,5,24
"T150217130000",8.5,8,24
"T150217140000",10.5,10.5,24
"T150217150000",12,11.5,24
"T150217160000",12.5,12,24
"T150217170000",9.5,9,22
"T150217180000",6,5.5,22
"T150217190000",4,4,22
"T150217200000",3,3,22
"T150217210000",2.5,2.5,22
"T150217220000",2,1.5,22
"T150217230000",1,1,22
"T160217000000",0.5,0.5,22
"T160217010000",0,0,22
"T160217020000",-0.5,-0.5,22
"T160217030000",-0.5,-0.5,22
"T160217040000",-1,-1,22
"T160217050000",-1,-1.5,22
"T160217060000",-1.5,-1.5,22
"T160217070000",-1.5,-1.5,22
"T160217080000",-1,-1.5,22
"T160217090000",3,2,22
"T160217100000",5.5,5,22
"T160217110000",13,8.5,22
"T160217120000",9.5,9,22
"T160217130000",11.5,11.5,22
"T160217140000",13,12.5,22
"T160217150000",14,14,22
"T160217160000",14,13.5,22
"T160217170000",11,11,22
"T160217180000",8,7.5,22
"T160217190000",6,6,22
"T160217200000",6,5.5,22
"T160217210000",5,5,22
"T160217220000",5.5,5.5,22
"T160217230000",5.5,5,22
"T170217000000",5.5,5,22
"T170217010000",5,5,22
"T170217020000",5,5,22
"T170217030000",5,5,22
"T170217040000",5,5,22
"T170217050000",5,5,22
"T170217060000",4.5,4.5,22
"T170217070000",5.5,5,22
"T170217080000",5.5,5,22
"T170217090000",5.5,5,22
"T170217100000",6,5.5,22
"T170217110000",6,6,22
"T170217120000",5.5,5,22
"T170217130000",5.5,5.5,22
"T170217140000",6,6,22
"T170217150000",5.5,5,22
"T170217160000",5.5,5.5,22
"T170217170000",5,4.5,22
"T170217180000",4.5,4,22
"T170217190000",3,3,22
"T170217200000",3,3,22
"T170217210000",3,2.5,22
"T170217220000",3,2.5,22
"T170217230000",2.5,2.5,22
"T180217000000",1.5,1,22
"T180217010000",0.5,0.5,22
"T180217020000",1,1,22
"T180217030000",1.5,1,22
"T180217040000",1.5,1,22
"T180217050000",1.5,1,22
"T180217060000",1.5,1.5,22
"T180217070000",1.5,1,22
"T180217080000",1.5,1.5,22
"T180217090000",1.5,1.5,22
"T180217100000",3,3,22
"T180217110000",3.5,3.5,22
"T180217120000",5,4.5,22
"T180217130000",6,5.5,22
"T180217140000",8,7.5,22
"T180217150000",8.5,8,22
"T180217160000",8.5,8,22
"T180217170000",8,7.5,22
"T180217180000",6,5.5,22
"T180217190000",3.5,3.5,22
"T180217200000",2.5,2,22
"T180217210000",1.5,1,22
"T180217220000",1,1,22
"T180217230000",0,-0.5,22
"T190217000000",-0.5,-1,22
"T190217010000",-1,-1.5,22
"T190217020000",-1.5,-1.5,22
"T190217030000",-2,-2,22
"T190217040000",-2,-2.5,22
"T190217050000",-1.5,-1.5,22
"T190217060000",-0.5,-1,22
"T190217070000",-0.5,-0.5,22
"T190217080000",-1,-1,22
"T190217090000",-0.5,-1,22
"T190217100000",0,0,22
"T190217110000",7,3,22
"T190217120000",5.5,5.5,22
"T190217130000",8.5,8.5,22
"T190217140000",9.5,9.5,22
"T190217150000",9,9,22
"T190217160000",9,9,22
"T190217170000",8.5,8,22
"T190217180000",7,6.5,22
"T190217190000",6,5.5,22
"T190217200000",4,4,22
"T190217210000",3,3,22
"T190217220000",3,3,22
"T190217230000",5.5,5,22
"T200217000000",4.5,4.5,22
"T200217010000",4.5,4,22
"T200217020000",4.5,4.5,22
"T200217030000",5.5,5,22
"T200217040000",5.5,5.5,22
"T200217050000",5.5,5,22
"T200217060000",5,4.5,22
"T200217070000",3,3,22
"T200217080000",4,3.5,22
"T200217090000",5.5,5,22
"T200217100000",9,8.5,22
"T200217110000",14,10,22
"T200217120000",11,10.5,22
"T200217130000",11,10.5,22
"T200217140000",12.5,12,22
"T200217150000",12,11.5,22
"T200217160000",11,10.5,22
"T200217170000",10,9.5,22
"T200217180000",8.5,8.5,22
"T200217190000",7.5,7.5,22
"T200217200000",7.5,7.5,22
"T200217210000",7,7,22
"T200217220000",6.5,6.5,22
"T200217230000",6.5,6.5,22
"T210217000000",6.5,6,22
"T210217010000",7,6.5,22
"T210217020000",7.5,7,22
"T210217030000",7,6.5,22
"T210217040000",7,7,22
"T210217050000",6.5,6.5,22
"T210217060000",6.5,6.5,22
"T210217070000",8,7.5,22
"T210217080000",8.5,8.5,22
"T210217090000",8.5,8,22
"T210217100000",8,8,22
"T210217110000",9.5,9,22
"T210217120000",9.5,9.5,22
"T210217130000",11.5,11,22
"T210217140000",12.5,12,22
"T210217150000",12,11.5,22
"T210217160000",12,11.5,22
"T210217170000",11.5,11,22
"T210217180000",10,9.5,22
"T210217190000",9.5,9.5,22
"T210217200000",10,9.5,22
"T210217210000",10,10,22
"T210217220000",10,10,22
"T210217230000",10,10,22
"T220217000000",10,9.5,22
"T220217010000",9.5,9,22
"T220217020000",9.5,9.5,22
"T220217030000",9.5,9,22
"T220217040000",9.5,9,22
"T220217050000",9,8.5,22
"T220217060000",8,7.5,22
"T220217070000",9,8.5,22
"T220217080000",9.5,9,22
"T220217090000",10,9.5,22
"T220217100000",13,12.5,22
"T220217110000",12.5,12,22
"T220217120000",13.5,13.5,22
"T220217130000",14.5,14,22
"T220217140000",13.5,13,22
"T220217150000",12,12,22
"T220217160000",12,11.5,22
"T220217170000",10,10,22
"T220217180000",9,9,22
"T220217190000",9,8.5,22
"T220217200000",8.5,8,22
"T220217210000",8,8,22
"T220217220000",8,7.5,22
"T220217230000",6.5,6.5,22
"T230217000000",5.5,5.5,22
"T230217010000",5,4.5,22
"T230217020000",3.5,3.5,22
"T230217030000",3,2.5,22
"T230217040000",2,2,22
"T230217050000",2,1.5,22
"T230217060000",1.5,1.5,22
"T230217070000",1.5,1.5,22
"T230217080000",2,1.5,22
"T230217090000",9,8.5,22
"T230217100000",10.5,10,22
"T230217110000",17.5,16,22
"T230217120000",16.5,16.5,22
"T230217130000",18,17.5,22
"T230217140000",19,18.5,22
"T230217150000",19.5,19.5,22
"T230217160000",19,18.5,22
"T230217170000",17.5,17,22
"T230217180000",16.5,16,22
"T230217190000",15.5,15.5,22
"T230217200000",15.5,15,22
"T230217210000",13,13,22
"T230217220000",13,12.5,22
"T230217230000",11.5,11,22
"T240217000000",11,11,22
"T240217010000",11,10.5,22
"T240217020000",6,6,22
"T240217030000",6.5,6.5,22
"T240217040000",6.5,6,22
"T240217050000",6,5.5,22
"T240217060000",6,5.5,22
"T240217070000",5.5,5.5,22
"T240217080000",5,5,22
"T240217090000",6,5.5,22
"T240217100000",6.5,6.5,22
"T240217110000",7.5,7,22
"T240217120000",8.5,8,22
"T240217130000",8,8,22
"T240217140000",8.5,8,22
"T240217150000",8.5,8.5,22
"T240217160000",7,7,22
"T240217170000",7,6.5,22
"T240217180000",5.5,5.5,22
"T240217190000",5,4.5,22
"T240217200000",3.5,3.5,22
"T240217210000",2.5,2.5,22
"T240217220000",2,2,22
"T240217230000",2,2,22
"T250217000000",1.5,1.5,22
"T250217010000",0.5,0.5,22
"T250217020000",0,0,22
"T250217030000",0,-0.5,22
"T250217040000",-0.5,-1,22
"T250217050000",-1,-1,22
"T250217060000",-1,-1.5,22
"T250217070000",0,-0.5,22
"T250217080000",0.5,0,22
"T250217090000",2.5,2,22
"T250217100000",0.5,0.5,22
"T250217110000",1.5,1.5,22
"T250217120000",4,3.5,22
"T250217130000",6,5.5,22
"T250217140000",7,6.5,22
"T250217150000",8.5,8.5,22
"T250217160000",9,9,22
"T250217170000",8,8,22
"T250217180000",6,5.5,22
"T250217190000",4,4,22
"T250217200000",3,2.5,22
"T250217210000",2.5,2,22
"T250217220000",1.5,1.5,22
"T250217230000",1,1,22
"T260217000000",1,0.5,22
"T260217010000",1,0.5,22
"T260217020000",0.5,0.5,22
"T260217030000",0.5,0.5,22
"T260217040000",0,0,22
"T260217050000",0,-0.5,22
"T260217060000",-0.5,-0.5,22
"T260217070000",-1,-1,22
"T260217080000",0.5,0.5,22
"T260217090000",3,2.5,22
"T260217100000",5.5,5,22
"T260217110000",8.5,8,22
"T260217120000",11.5,11.5,22
"T260217130000",11.5,11.5,22
"T260217140000",12.5,12.5,22
"T260217150000",12.5,12,22
"T260217160000",12,12,22
"T260217170000",11,11,22
"T260217180000",9,9,22
"T260217190000",7,6.5,22
"T260217200000",5.5,5,22
"T260217210000",4.5,4,22
"T260217220000",3.5,3,22
"T260217230000",2,2,22
"T270217000000",1.5,1.5,22
"T270217010000",1,0.5,22
"T270217020000",0.5,0,22
"T270217030000",0,0,22
"T270217040000",0,-0.5,22
"T270217050000",-0.5,-1,22
"T270217060000",-1,-1,22
"T270217070000",-0.5,-1,22
"T270217080000",0.5,0,22
"T270217090000",5,4.5,
"T270217100000",5.5,5,
"T270217110000",10,8.5,
"T270217120000",11,10.5,
"T270217130000",13.5,13,
"T270217140000",15,14.5,
"T270217150000",16,16,
"T270217160000",16.5,16.5,
"T270217170000",13.5,13,
"T270217180000",11.5,11.5,
"T270217190000",10.5,10.5,
"T270217200000",8,7.5,
"T270217210000",10.5,10,
"T270217220000",10.5,10.5,
"T270217230000",10,9.5,
